id;id_givts;name
1;1;Адыгейский государственный университет
2;2;Алтайский государственный педагогический университет
3;3;Алтайский государственный технический университет им. И.И. Ползунова
4;4;Алтайский государственный университет
5;5;Амурский государственный университет
6;6;Амурский гуманитарно-педагогический государственный университет
7;7;Ангарский государственный технический университет
8;9;Армавирский государственный педагогический университет
9;11;Астраханский государственный университет
10;12;Байкальский государственный университет
11;13;Балтийский государственный технический университет «ВОЕНМЕХ» им. Д.Ф. Устинова
12;14;Башкирский государственный педагогический университет им. М.Акмуллы
13;15;Башкирский государственный университет
14;16;Белгородский государственный технологический университет им. В.Г.Шухова
15;17;Белгородский государственный национальный исследовательский университет
16;19;Алтайский государственный гуманитарно-педагогический университет имени В.М. Шукшина
17;21;Благовещенский государственный педагогический университет
18;23;Братский государственный университет
19;24;Брянский государственный инженерно-технологический университет
20;25;Брянский государственный технический университет
21;26;Брянский государственный университет имени академика И.Г. Петровского
22;27;Бурятский государственный университет имени Доржи Банзарова
23;28;Владивостокский государственный университет экономики и сервиса
24;30;Владимирский государственный университет имени Александра Григорьевича и Николая Григорьевича Столетовых
26;34;Волгоградский государственный социально-педагогический университет
27;35;Волгоградский государственный технический университет
28;36;Волгоградский государственный университет
29;39;Вологодский государственный университет
30;40;Воронежский государственный лесотехнический университет имени Г.Ф. Морозова
31;41;Воронежский государственный университет инженерных технологий
33;43;Воронежский государственный педагогический университет
34;44;Воронежский государственный технический университет
35;45;Воронежский государственный университет
36;46;Восточно-Сибирский государственный университет технологий и управления
37;48;Высшая школа народных искусств (академия)
39;50;Вятский государственный университет
40;51;Гжельский государственный университет
41;52;Глазовский государственный педагогический институт имени В.Г. Короленко
42;53;Горно-Алтайский государственный университет
46;57;Государственный академический университет гуманитарных наук
47;58;Государственный институт русского языка им. А.С. Пушкина
48;59;Национальный исследовательский технологический университет «МИСиС»
49;60;Государственный университет управления
50;61;Грозненский государственный нефтяной технический университет имени академика М.Д. Миллионщикова
51;62;Дагестанский государственный педагогический университет
52;63;Дагестанский государственный технический университет
53;64;Дагестанский государственный университет
54;66;Приамурский государственный университет имени Шолом-Алейхема
55;70;Донской государственный технический университет
56;72;Елецкий государственный университет им. И.А. Бунина
57;76;Ивановский государственный университет
58;77;Ивановский государственный химико-технологический университет
59;78;Ивановский государственный энергетический университет имени В.И. Ленина
60;79;Ижевский государственный технический университет имени М.Т. Калашникова
61;80;Ингушский государственный университет
62;82;Иркутский национальный исследовательский технический университет
63;83;Иркутский государственный университет
64;85;Кабардино-Балкарский государственный университет им. Х.М. Бербекова
65;86;Казанский государственный архитектурно-строительный университет
66;87;Казанский национальный исследовательский технический университет им. А.Н. Туполева-КАИ
67;88;Казанский национальный исследовательский технологический университет
68;91;Казанский государственный энергетический университет
69;92;Калмыцкий государственный университет имени Б.Б. Городовикова
70;93;Калужский государственный университет им. К.Э. Циолковского
71;95;Камчатский государственный университет имени Витуса Беринга
72;96;Северо-Кавказская государственная академия
73;97;Карачаево-Черкесский государственный университет имени У. Д. Алиева
74;99;Кемеровский государственный университет
76;101;Ковровская государственная технологическая академия имени В.А. Дегтярева
77;103;Комсомольский-на-Амуре государственный университет
78;104;Костромской государственный университет
80;106;Красноярский государственный педагогический университет им. В.П. Астафьева
81;108;Кубанский государственный технологический университет
82;109;Кубанский государственный университет
83;111;Кузбасский государственный технический университет имени Т.Ф. Горбачева
84;112;Курганский государственный университет
85;113;Юго-Западный государственный университет
86;114;Курский государственный университет
87;116;Липецкий государственный педагогический университет имени П.П. Семенова-Тян-Шанского
88;117;Липецкий государственный технический университет
89;120;Магнитогорский государственный технический университет им. Г.И. Носова
90;122;Майкопский государственный технологический университет
91;123;Поволжский государственный технологический университет
92;124;Марийский государственный университет
93;126;Мордовский государственный педагогический университет имени М.Е. Евсевьева
94;127;Национальный исследовательский Мордовский государственный университет им. Н.П. Огарёва
96;130;Московский государственный юридический университет имени О.Е. Кутафина (МГЮА)
97;131;Московский авиационный институт (национальный исследовательский университет)
98;132;Московский автомобильно-дорожный государственный технический университет (МАДИ)
99;133;Московский архитектурный институт (государственная академия)
100;134;МИРЭА - Российский технологический университет
101;140;Национальный исследовательский университет «Московский институт электронной техники»
102;141;Московский государственный лингвистический университет
103;143;Московский государственный гуманитарно-экономический университет
104;144;Национальный исследовательский Московский государственный строительный университет
106;147;Московский государственный технический университет имени Н.Э. Баумана (национальный исследовательский университет)
107;148;Московский государственный технологический университет «СТАНКИН»
108;150;Московский государственный университет геодезии и картографии
109;151;Российский государственный университет им. А.Н. Косыгина (Технологии. Дизайн. Искусство)
112;155;Московский государственный университет пищевых производств
113;158;Московский государственный университет технологий и управления имени К.Г. Разумовского (Первый казачий университет)
114;159;Московская государственная художественно-промышленная академия им. С.Г. Строганова
115;160;Московский педагогический государственный университет
116;161;Московский физико-технический институт (национальный исследовательский университет)
117;162;Национальный исследовательский университет «МЭИ»
118;163;Мурманский арктический государственный университет
119;164;Набережночелнинский государственный педагогический университет
120;165;Национальный исследовательский ядерный университет «МИФИ»
121;166;Нижегородский государственный архитектурно-строительный университет
122;167;Нижегородский государственный лингвистический университет им. Н.А.Добролюбова
123;168;Нижегородский государственный педагогический университет имени Козьмы Минина
124;169;Нижегородский государственный технический университет им. Р.Е. Алексеева
125;170;Нижегородский государственный университет им. Н.И. Лобачевского
126;173;Новгородский государственный университет имени Ярослава Мудрого
127;174;Новосибирский государственный университет архитектуры, дизайна и искусств имени А.Д. Крячкова
128;175;Новосибирский государственный архитектурно-строительный университет (Сибстрин)
129;176;Новосибирский государственный педагогический университет
130;177;Новосибирский государственный технический университет
131;178;Новосибирский национальный исследовательский государственный университет
132;179;Новосибирский государственный университет экономики и управления «НИНХ»
133;180;Норильский государственный индустриальный институт
135;182;Омский государственный педагогический университет
136;183;Омский государственный технический университет
137;184;Омский государственный университет им. Ф.М. Достоевского
138;186;Оренбургский государственный педагогический университет
139;187;Оренбургский государственный университет
142;191;Орловский государственный университет имени И.С. Тургенева
143;192;Пензенский государственный технологический университет
144;194;Пензенский государственный университет
145;195;Пензенский государственный университет архитектуры и строительства
146;196;Пермский государственный гуманитарно-педагогический университет
147;197;Пермский национальный исследовательский политехнический университет
148;198;Пермский государственный национальный исследовательский университет
149;199;Петрозаводский государственный университет
150;201;Самарский государственный социально-педагогический университет
151;202;Поволжский государственный университет сервиса
152;206;Пущинский государственный естественно-научный институт
153;207;Пятигорский государственный университет
154;209;Российский экономический университет им. Г.В. Плеханова
155;210;Российский государственный геологоразведочный университет имени Серго Орджоникидзе
156;211;Российский государственный гидрометеорологический университет
157;212;Российский государственный гуманитарный университет
158;213;Российский государственный педагогический университет им. А. И. Герцена
159;214;Российский государственный профессионально-педагогический университет
160;215;Российский государственный социальный университет
161;217;Балтийский федеральный университет имени Иммануила Канта
162;219;Российский государственный университет нефти и газа (национальный исследовательский университет) имени И.М. Губкина
163;220;Российский государственный университет туризма и сервиса
164;222;Российский университет дружбы народов
165;223;Российский химико-технологический университет имени Д. И. Менделеева
167;228;Ростовский государственный экономический университет (РИНХ)
168;229;Рыбинский государственный авиационный технический университет имени П. А. Соловьева
169;230;Рязанский государственный радиотехнический университет имени В.Ф. Уткина
170;231;Рязанский государственный университет имени С.А. Есенина
171;232;Санкт-Петербургский государственный лесотехнический университет имени С.М. Кирова
172;233;Санкт-Петербургская государственная художественно-промышленная академия имени А.Л. Штиглица
173;234;Национальный исследовательский университет ИТМО
174;236;Санкт-Петербургский государственный архитектурно-строительный университет
175;237;Санкт-Петербургский горный университет
176;239;Санкт-Петербургский государственный морской технический университет
177;240;Санкт-Петербургский политехнический университет Петра Великого
179;242;Санкт-Петербургский государственный технологический институт (технический университет)
180;243;Санкт-Петербургский государственный университет аэрокосмического приборостроения
181;245;Санкт-Петербургский государственный университет промышленных технологий и дизайна
182;247;Санкт-Петербургский государственный электротехнический университет «ЛЭТИ» им. В.И. Ульянова (Ленина)
185;251;Самарский национальный исследовательский университет имени академика С.П. Королева
186;252;Самарский государственный технический университет
188;254;Самарский государственный экономический университет
189;255;Саратовская государственная юридическая академия
190;257;Саратовский государственный технический университет имени Гагарина Ю.А.
191;258;Саратовский национальный исследовательский государственный университет имени  Н.Г. Чернышевского
192;260;Сахалинский государственный университет
193;261;Северо-Восточный государственный университет
194;266;Северо-Кавказский федеральный университет
195;269;Сибирский государственный автомобильно-дорожный университет (СибАДИ)
196;270;Сибирский государственный университет геосистем и технологий
197;271;Сибирский государственный университет науки и технологий имени академика М.Ф. Решетнева
198;272;Сибирский государственный индустриальный университет
200;276;Смоленский государственный университет
201;278;Сочинский государственный университет
202;281;Сыктывкарский государственный университет имени Питирима Сорокина
203;283;Тамбовский государственный технический университет
204;284;Тамбовский государственный университет имени Г.Р. Державина
205;286;Тверской государственный технический университет
206;287;Тверской государственный университет
207;288;Тихоокеанский государственный университет
208;291;Тольяттинский государственный университет
209;292;Томский государственный архитектурно-строительный университет
210;293;Томский государственный педагогический университет
211;294;Национальный исследовательский Томский государственный университет
212;295;Томский государственный университет систем управления и радиоэлектроники
213;296;Национальный исследовательский Томский политехнический университет
214;297;Тульский государственный педагогический университет им. Л.Н. Толстого
215;298;Тульский государственный университет
216;299;Тувинский государственный университет
218;301;Тюменский индустриальный университет
219;302;Тюменский государственный университет
220;303;Удмуртский государственный университет
221;304;Ульяновский государственный педагогический университет имени И.Н. Ульянова
222;305;Ульяновский государственный технический университет
223;306;Ульяновский государственный университет
224;308;Уральский государственный архитектурно-художественный университет
225;309;Уральский государственный юридический университет
226;310;Уральский государственный горный университет
227;311;Уральский государственный лесотехнический университет
228;312;Уральский государственный педагогический университет
229;313;Уральский федеральный университет имени первого Президента России Б.Н. Ельцина
230;315;Уральский государственный экономический университет
232;318;Уфимский государственный авиационный технический университет
233;319;Уфимский государственный нефтяной технический университет
234;320;Ухтинский государственный технический университет
235;321;Хабаровский государственный университет экономики и права
236;322;Хакасский государственный университет им. Н.Ф. Катанова
237;323;Южно-Уральский государственный гуманитарно-педагогический университет
238;324;Челябинский государственный университет
239;325;Череповецкий государственный университет
240;326;Чеченский государственный педагогический университет
241;327;Чеченский государственный университет
242;328;Забайкальский государственный университет
243;329;Чувашский государственный педагогический университет им. И.Я. Яковлева
244;330;Чувашский государственный университет имени И.Н. Ульянова
245;331;Шадринский государственный педагогический университет
246;334;Южно-Российский государственный политехнический университет (НПИ) имени М.И. Платова
247;336;Южно-Уральский государственный университет
248;337;Южный федеральный университет
249;340;Ярославский государственный педагогический университет им. К.Д. Ушинского
250;341;Ярославский государственный технический университет
251;342;Ярославский государственный университет им. П.Г. Демидова
313;1507;Сибирский федеральный университет
316;1519;Казанский (Приволжский) федеральный университет
317;1520;Дальневосточный федеральный университет
320;1527;Северо-Восточный федеральный университет имени М.К. Аммосова
321;1530;Псковский государственный университет
325;1544;Северный (Арктический) федеральный университет имени М.В. Ломоносова
327;1693;Арктический государственный институт культуры и искусств
330;100256;Санкт-Петербургский государственный экономический университет
331;2198;Ивановский государственный политехнический университет
343;113437;Севастопольский государственный университет
344;113416;Крымский федеральный университет имени В.И. Вернадского
357;333;Югорский государственный университет
359;189;Орловский государственный университет экономики и торговли
360;267;Северо-Осетинский государственный университет имени Коста Левановича Хетагурова
363;265;Северо-Кавказский горно-металлургический институт (государственный технологический университет)
406;1784;Нижневартовский государственный университет
423;1677;Ивановская государственная сельскохозяйственная академия имени Д.К. Беляева
465;1785;Санкт-Петербургский национальный исследовательский Академический университет имени Ж.И. Алферова Российской академии наук
466;2151;Московский государственный психолого-педагогический университет
483;1888;Международная академия бизнеса и новых технологий (МУБиНТ)
485;1724;Уральский государственный аграрный университет
486;1759;Уральский государственный университет путей сообщения
492;110279;Камский институт искусств и дизайна
498;1562;Казанский государственный медицинский университет Министерства здравоохранения Российской Федерации
500;1670;Казанская государственная академия ветеринарной медицины имени Н.Э. Баумана
501;1764;Казанский государственный аграрный университет
503;1646;Казанский государственный институт культуры
504;1705;Волжский государственный университет водного транспорта
524;1654;Всероссийский государственный университет юстиции (РПА Минюста России)
532;1635;Орловский государственный институт культуры
537;1747;Кубанский государственный университет физической культуры, спорта и туризма
538;1679;Екатеринбургский государственный театральный институт
539;1762;Воронежский государственный институт физической культуры
540;1596;Иркутский государственный медицинский университет
541;1775;Чайковский государственный институт физической культуры
546;1591;Южно-Уральский государственный медицинский университет Министерства здравоохранения Российской Федерации
549;1579;Северный государственный медицинский университет Министерства здравоохранения Российской Федерации
550;1581;Самарский государственный медицинский университет Министерства здравоохранения Российской Федерации
552;1795;Чурапчинский государственный институт физической культуры и спорта
554;1622;Читинская государственная медицинская академия Министерства здравоохранения Российской Федерации
555;1595;Российский национальный исследовательский медицинский университет имени Н.И. Пирогова Министерства здравоохранения Российской Федерации
556;1578;Амурская государственная медицинская академия Министерства здравоохранения Российской Федерации
557;1585;Ярославский государственный медицинский университет Министерства здравоохранения Российской Федерации
566;1572;Первый Санкт-Петербургский государственный медицинский университет имени академика И.П. Павлова
570;1638;Омский государственный аграрный университет имени П.А. Столыпина
573;1662;Рязанский государственный агротехнологический университет имени П.А. Костычева
574;1804;Смоленский государственный медицинский университет Министерства здравоохранения Российской Федерации
575;1577;Пермская государственная фармацевтическая академия Министерства здравоохранения Российской Федерации
577;1741;Великолукская государственная академия физической культуры и спорта
578;1681;Вятская государственная сельскохозяйственная академия
579;1786;Курский государственный медицинский университет Министерства здравоохранения Российской Федерации
581;1612;Алтайский государственный медицинский университет Министерства здравоохранения Российской Федерации
583;1589;Красноярский государственный медицинский университет имени профессора В.Ф. Войно-Ясенецкого
584;1661;Саратовский государственный аграрный университет имени Н.И. Вавилова
590;1728;Кубанский государственный медицинский университет Министерства здравоохранения Российской Федерации
598;1787;Российский государственный университет физической культуры, спорта, молодежи и туризма (ГЦОЛИФК)
600;1790;Смоленская государственная сельскохозяйственная академия
601;1558;Дагестанский государственный медицинский университет Министерства здравоохранения Российской Федерации
602;1594;Воронежский государственный медицинский университет имени Н.Н. Бурденко Министерства здравоохранения  Российской Федерации
603;1796;Пермский государственный медицинский университет имени академика Е.А. Вагнера Министерства здравоохранения Российской Федерации
608;1742;Арктический государственный агротехнологический университет
615;1755;Национальный государственный Университет физической культуры, спорта и здоровья имени П.Ф. Лесгафта, Санкт-Петербург
619;113221;Керченский государственный морской технологический университет
620;1739;Московский государственный технический университет гражданской авиации
621;1601;Калининградский государственный технический университет
622;1749;Смоленская государственная академия физической культуры, спорта и туризма
623;1563;Астраханский государственный технический университет
626;1602;Мурманский государственный технический университет
627;1748;Поволжская государственная академия физической культуры, спорта и туризма
628;1798;Дипломатическая академия Министерства иностранных дел Российской Федерации
633;1586;Кировский государственный медицинский университет Министерства здравоохранения Российской Федерации
634;1734;Северо-Западный государственный медицинский университет имени И.И. Мечникова Министерства здравоохранения Российской Федерации
635;1570;Поволжский государственный университет телекоммуникаций и информатики
636;1626;Дальневосточный государственный медицинский университет Министерства здравоохранения Российской Федерации
637;1608;Кемеровский государственный медицинский университет Министерства здравоохранения Российской Федерации
638;1761;Сибирский государственный университет физической культуры и спорта
639;1756;Дальневосточный государственный технический рыбохозяйственный университет
643;1619;Новосибирский государственный медицинский университет Министерства здравоохранения Российской Федерации
645;1666;Кузбасская государственная сельскохозяйственная академия
647;1782;Кубанский государственный аграрный университет имени И.Т. Трубилина
648;1750;Камчатский государственный технический университет
649;1609;Ивановская государственная медицинская академия Министерства здравоохранения Российской Федерации
650;1624;Оренбургский государственный медицинский университет Министерства здравоохранения Российской Федерации
651;1779;Дальневосточная государственная академия физической культуры
652;1574;Северо-Осетинская государственная медицинская академия Министерства здравоохранения Российской Федерации
653;1718;Астраханский государственный медицинский университет Министерства здравоохранения Российской Федерации
657;1587;Приволжский исследовательский медицинский университет Министерства здравоохранения Российской Федерации
659;1610;Московский государственный медико-стоматологический университет имени А.И. Евдокимова Министерства здравоохранения Российской Федерации
661;1582;Ростовский государственный медицинский университет Министерства здравоохранения Российской Федерации
665;1719;Сибирский государственный университет телекоммуникаций и информатики
666;1607;Уральский государственный медицинский университет Министерства здравоохранения Российской Федерации
670;1606;Ставропольский государственный медицинский университет Министерства здравоохранения Российской Федерации
671;1576;Омский государственный медицинский университет Министерства здравоохранения Российской Федерации
672;1584;Ижевская государственная медицинская академия Министерства здравоохранения Российской Федерации
675;1599;Омский государственный университет путей сообщения
676;1634;Курганская государственная сельскохозяйственная академия имени Т. С. Мальцева
678;1616;Санкт - Петербургский государственный педиатрический медицинский университет Министерства здравоохранения Российской Федерации
681;1678;Ростовский государственный университет путей сообщения
682;1564;Санкт-Петербургский государственный университет телекоммуникаций им. проф. М.А. Бонч-Бруевича
684;1588;Тюменский государственный медицинский университет Министерства здравоохранения Российской Федерации
685;1597;Волгоградский государственный медицинский университет Министерства здравоохранения Российской Федерации
686;1621;Тверской государственный медицинский университет Министерства здравоохранения Российской Федерации
687;1765;Рязанский государственный медицинский университет имени академика И.П. Павлова Министерства здравоохранения Российской Федерации
688;1566;Российский университет транспорта
689;1767;Финансовый университет при Правительстве Российской Федерации
690;1691;Дальневосточный государственный университет путей сообщения
691;1757;Иркутский государственный университет путей сообщения
693;1715;Сибирский государственный университет путей сообщения
694;1603;Самарский государственный университет путей сообщения
701;1593;Московский технический университет связи и информатики
702;1810;Всероссийская академия внешней торговли Министерства экономического развития Российской Федерации
703;1731;Башкирский государственный медицинский университет Министерства здравоохранения Российской Федерации
704;1771;Санкт-Петербургский государственный университет
705;1618;Сибирский государственный медицинский университет Министерства здравоохранения Российской Федерации
706;1707;Государственный университет морского и речного флота имени адмирала С.О. Макарова
708;1580;Петербургский государственный университет путей сообщения Императора Александра I
710;1735;Санкт-Петербургский государственный университет гражданской авиации
711;1766;"Национальный исследовательский университет ""Высшая школа экономики"""
712;1711;Саратовский государственный медицинский университет имени В.И. Разумовского  Министерства здравоохранения Российской Федерации
717;120111;Московский политехнический университет
720;1560;Тихоокеанский государственный медицинский  университет Министерства здравоохранения Российской Федерации
721;1694;"Федеральное государственное бюджетное образовательное учреждение высшего образования ""Московский государственный институт культуры"""
722;1590;Санкт-Петербургский государственный химико-фармацевтический университет Министерства здравоохранения Российской Федерации
724;1704;Хабаровский государственный институт культуры
727;1696;Самарский государственный институт культуры
728;1736;Мичуринский государственный аграрный университет
729;1737;Восточно-Сибирский государственный институт культуры
730;1671;Донской государственный аграрный университет
731;1663;Краснодарский государственный институт культуры
732;1656;Петрозаводская государственная консерватория имени А.К. Глазунова
733;1780;Сибирский государственный институт искусств имени Дмитрия Хворостовского
734;1644;Российская государственная специализированная академия искусств
735;1778;Нижегородская государственная сельскохозяйственная академия
737;1745;Орловский государственный аграрный университет имени Н.В. Парахина
738;1652;Нижегородская государственная консерватория им. М.И. Глинки
739;1674;Курская государственная сельскохозяйственная академия имени И.И. Иванова
740;1698;Казанская государственная консерватория имени Н.Г. Жиганова
742;1730;Саратовская государственная консерватория имени Л.В. Собинова
743;1556;Театральный институт имени Бориса Щукина при Государственном академическом театре имени Евгения Вахтангова
744;118;федеральное государственное бюджетное образовательное учреждение высшего образования «Литературный институт имени А.М. Горького»
746;1680;Тюменский государственный институт культуры
747;1668;Высшее театральное училище (институт) им.М.С.Щепкина при Государственном академическом Малом театре России
748;1729;Государственный музыкально-педагогический институт имени М.М. Ипполитова-Иванова
749;1720;Санкт-Петербургский государственный институт культуры
750;1647;Московская государственная консерватория имени П.И.Чайковского
751;1806;Московский государственный академический художественный институт  имени В.И. Сурикова при Российской академии художеств
752;1651;Академия хорового искусства имени В.С. Попова
754;1812;Санкт-Петербургская академия художеств имени Ильи Репина
755;1695;Приморская государственная сельскохозяйственная академия
756;1774;Челябинский государственный институт культуры
757;1703;Уфимский государственный институт искусств имени Загира Исмагилова
758;1751;Дальневосточный государственный аграрный университет
759;1688;Алтайский государственный институт культуры
760;1657;Ярославский государственный театральный институт
761;1655;Астраханская государственная консерватория
762;1800;Дальневосточный государственный институт искусств
763;1653;Воронежский государственный институт искусств
764;1738;Санкт-Петербургский государственный институт кино и телевидения
765;1659;Московская государственная академия хореографии
766;1686;Бурятская государственная сельскохозяйственная академия имени В.Р.Филиппова
767;1776;Пермский государственный институт культуры
771;1672;Вологодская государственная молочнохозяйственная академия имени Н.В. Верещагина
772;1723;Всероссийский государственный институт кинематографии имени С.А. Герасимова
774;1648;Санкт-Петербургская государственная консерватория имени Н.А.Римского-Корсакова
775;1791;Школа-студия (институт) имени Вл.И.Немировича-Данченко при Московском Художественном академическом театре имени А.П. Чехова
776;1722;Российский государственный институт сценических искусств
778;1642;Ставропольский государственный аграрный университет
779;1713;Государственный аграрный университет Северного Зауралья
780;1727;Санкт-Петербургский государственный аграрный университет
781;1700;Новосибирская государственная консерватория имени М.И. Глинки
782;1636;Горский государственный аграрный университет
786;1658;Кабардино-Балкарский государственный аграрный университет имени В.М. Кокова
788;1792;Первый Московский государственный медицинский университет имени И.М. Сеченова Министерства здравоохранения Российской Федерации (Сеченовский Университет)
790;1682;Алтайский государственный аграрный университет
793;1772;Брянский государственный аграрный университет
795;1650;Воронежский государственный аграрный университет имени императора Петра I
799;1632;Пензенский государственный аграрный университет
804;1683;Ижевская государственная сельскохозяйственная академия
812;1643;Ульяновский государственный аграрный университет имени П.А. Столыпина
831;1669;Ярославская государственная сельскохозяйственная академия
901;1823;Московский гуманитарный институт
902;1849;Восточная экономико-юридическая гуманитарная академия
903;110254;Институт управления и права
904;110221;Институт иностранных языков
905;110231;Институт мировой экономики и финансов
907;1639;Государственный университет по землеустройству
908;2078;Российская экономическая школа
909;1850;Институт правоведения и предпринимательства
910;1932;Южно-Российский гуманитарный институт
911;1868;Московский социально-экономический институт
912;1706;Российский государственный аграрный заочный университет
913;2005;Прикамский социальный институт
914;2089;Еврейский университет
915;110148;Академия труда и социальных отношений
916;110420;Уральский институт фондового рынка
917;2025;Сибирский университет потребительской кооперации
918;1975;Тульский институт управления и бизнеса имени Никиты Демидовича Демидова
919;1760;Ульяновский институт гражданской авиации имени Главного маршала авиации Б.П. Бугаева
920;1860;Институт непрерывного образования
921;110341;Национальный институт бизнеса
922;1697;Волгоградский государственный аграрный университет
923;1943;Московский университет имени С.Ю. Витте
924;120119;Московский инновационный университет
925;1953;Медицинский университет «Реавиз»
926;110346;Невинномысский институт экономики, управления и права
927;1752;Уральский государственный университет физической культуры
928;1991;Восточно-Сибирский институт экономики и права
929;1714;Санкт-Петербургский государственный университет ветеринарной медицины
930;666667486;Подольский социально-спортивный институт
932;110412;Тамбовский государственный музыкально-педагогический институт им. С.В.Рахманинова
933;2033;Московский открытый институт
934;2096;Институт государственного администрирования
935;1959;Санкт-Петербургский университет технологий управления и экономики
937;1847;Белгородский университет кооперации, экономики и права
938;1758;Московский государственный институт международных отношений (университет) Министерства иностранных дел Российской Федерации
939;1819;Самарская гуманитарная академия
941;1881;Московский институт экономики, политики и права
942;110297;Международный инновационный университет
944;1934;Армавирский социально-психологический институт
945;110373;Международный институт дизайна и сервиса
946;1753;Волгоградская государственная академия физической культуры
948;1788;Московская государственная академия ветеринарной медицины и биотехнологии – МВА имени К.И. Скрябина
949;1892;Институт управления, бизнеса и технологий
950;1833;Современный технический университет
951;1946;Московский институт психоанализа
953;1763;Сибирский государственный университет водного транспорта
954;1665;Дагестанский государственный аграрный университет имени М.М.Джамбулатова
955;1631;Костромская государственная сельскохозяйственная академия
959;1569;Российская таможенная академия
960;1928;Тольяттинская академия управления
961;1845;Российский университет кооперации
964;1873;Региональный институт бизнеса и управления
966;1872;Омский региональный институт
972;1807;Российская академия живописи, ваяния и зодчества Ильи Глазунова
975;100345;Исследовательский центр частного права имени С.С. Алексеева при Президенте Российской Федерации
985;1846;Российский новый университет
989;110432;Экономико-энергетический институт
997;2053;Институт международных экономических связей
1004;1913;Гуманитарный университет
1005;1664;Пермский государственный аграрно-технологический университет имени академика Д.Н. Прянишникова
1008;110899;Российская академия предпринимательства
1012;1641;Красноярский государственный аграрный университет
1013;2007;Сибирский институт международных отношений и регионоведения
1022;111037;Свято-Филаретовский православно-христианский институт
1051;1891;Северный институт предпринимательства
1058;1660;Великолукская государственная сельскохозяйственная академия
1063;110271;Институт экономики и управления в промышленности
1074;1983;Смольный институт Российской академии образования
1077;1861;Российская международная академия туризма
1078;110324;Московский институт современного академического образования
1079;1976;Международный институт менеджмента ЛИНК
1102;1885;Социально-правовой институт экономической безопасности
1123;1701;Башкирский государственный аграрный университет
1134;110318;Московский гуманитарно-экономический университет
1149;2063;Санкт-Петербургский институт экономики и управления
1152;110243;Институт современного искусства
1175;2036;Новый гуманитарный институт
1192;1702;Оренбургский государственный аграрный университет
1202;110187;Гуманитарный институт имени П.А. Столыпина
1212;110216;Институт деловой карьеры
1220;110218;Институт Журналистики и Литературного Творчества
1223;1717;Российский институт театрального искусства - ГИТИС
1232;1687;Южно-Уральский государственный аграрный университет
1255;2027;Московская международная академия
1256;1988;Владикавказский институт управления
1261;2085;Московская гуманитарно-техническая академия
1268;1685;Самарский государственный аграрный университет
1281;110429;Челябинский Многопрофильный Институт
1300;2072;Среднерусский гуманитарно-технологический институт
1301;1710;Тверская государственная сельскохозяйственная академия
1306;110229;Институт международной торговли и права
1307;2064;Калининградский институт управления
1308;1973;Московский экономический институт
1310;1840;Российский православный университет святого Иоанна Богослова
1324;1675;Белгородский государственный аграрный университет имени В.Я. Горина
1326;1916;Сибирская академия финансов и банковского дела
1349;110319;Московский Гуманитарный Университет
1359;1649;Новосибирский государственный аграрный университет
1364;1871;Институт экономики и правоведения (г. Назрань)
1368;111233;Волгоградский гуманитарный институт
1370;1768;Государственный морской университет имени адмирала Ф.Ф.Ушакова
1373;110382;Санкт-Петербургский институт гостеприимства
1376;1712;Северо-Кавказский государственный институт искусств
1379;1948;Южный институт менеджмента
1383;1855;Армавирский гуманитарно-социальный институт
1386;2082;Институт управления
1387;1867;Институт менеджмента, маркетинга и финансов
1388;110183;Гуманитарно-социальный институт
1401;1958;Сибирский юридический университет
1411;1640;Российский государственный аграрный университет - МСХА имени К.А. Тимирязева
1413;2060;Межрегиональный открытый социальный институт
1420;1848;Университет управления «ТИСБИ»
1421;2009;Армавирский лингвистический социальный институт
1425;1996;Международный институт компьютерных технологий
1431;110389;Северо-Кавказский социальный институт
1434;1835;Православный Свято-Тихоновский гуманитарный университет
1435;1673;Кемеровский государственный институт культуры
1436;110822;Восточно-Сибирский институт экономики и менеджмента
1443;1944;Национальный институт дизайна
1447;1903;Волжский университет имени В.Н. Татищева (институт)
1450;110170;Воронежский экономико-правовой институт
1452;110134;Мордовский гуманитарный институт
1454;110194;Дальневосточный институт международных отношений
1455;110275;Северо-Кавказская академия управления
1458;1709;Морской государственный университет имени адмирала Г.И. Невельского
1470;2071;Региональный финансово-экономический институт
1472;1794;Ростовская государственная консерватория им. С. В. Рахманинова
1477;1982;Институт театрального искусства  им. П.М. Ершова
1479;1837;Московская академия экономики и права
1496;1979;Сахалинский гуманитарно-технологический институт
1499;1689;Чувашский государственный аграрный университет
1500;1783;Российская академия народного хозяйства и государственной службы при Президенте Российской Федерации
1508;1896;Институт мировых цивилизаций
1527;1676;Уральская государственная консерватория имени М.П. Мусоргского
1554;2084;Московский международный университет
1589;1938;Институт кино и телевидения (ГИТР)
1710;1887;Дагестанский гуманитарный институт
1796;0;Институт проблем проектирования в микроэлектронике Российской академии наук
2065;0;Институт металлургии и материаловедения им. А.А. Байкова Российской академии наук
2104;0;Федеральное государственное унитарное предприятие «Троицкое»
2149;0;Федеральное государственное бюджетное учреждение науки Ордена Трудового Красного Знамени Институт солнечно-земной физики Сибирского отделения Российской академии наук
2172;1818;Международный институт управления и права
2177;110338;Мурманская академия экономики и управления
2184;666666786;Открытый университет экономики, управления и права
2189;110186;Академия управления и производства
2191;1904;Институт мировой экономики
2209;1842;Брянский институт управления и бизнеса
2212;1883;Камский институт гуманитарных и инженерных технологий
2220;111029;Академия акварели и изящных искусств Сергея Андрияки
2226;1645;федеральное государственное бюджетное образовательное учреждение высшего образования Российская академия музыки имени Гнесиных
2232;110418;Университет Российского инновационного образования
2234;110171;Восточно-европейский институт
2236;1789;Академия Русского балета имени А.Я. Вагановой
2640;0;Федеральное государственное унитарное предприятие «Рязанский опытный завод»
2717;0;Научно­-исследовательский проектный институт
2745;1743;Московская государственная академия физической культуры
2861;1817;Академия маркетинга и социально-информационных технологий – ИМСИТ (г. Краснодар)
2864;110410;Сургутский государственный университет
2866;1963;Международный юридический институт
2868;110219;Институт законоведения и управления ВПА
2873;1853;Самарский университет государственного управления «Международный институт рынка»
2875;1960;Московский социально-педагогический институт
2876;1968;Сибирский институт бизнеса и информационных технологий
2880;1880;Международный институт экономики и права
2886;110284;Кубанский медицинский институт
2888;1924;Омская гуманитарная академия
2891;110330;Московский психолого-социальный университет
2898;110239;Институт радиоэлектроники, сервиса и диагностики
2899;1925;Кисловодский гуманитарно-технический  институт
2906;113409;Университет Иннополис
3062;1725;Московский государственный университет имени М.В.Ломоносова
3127;2008;Волгоградский институт бизнеса
3131;1926;Московский региональный социально-экономический институт
3132;110334;Московский художественно-промышленный институт
3133;1912;Вятский социально-экономический институт
3135;110255;Институт Управления, Бизнеса и Права (г. Пятигорск)
3137;5618;Санкт-Петербургский институт искусств и реставрации
3138;110286;Кумертауский институт экономики и права
3139;2000;Институт дружбы народов Кавказа
3140;110227;Институт международного права и экономики имени А.С. Грибоедова
3142;113593;Технический университет УГМК
3143;113589;Национальный институт финансовых рынков и управления
3144;112814;Высшая школа сценических искусств
3145;2094;Дагестанская академия образования и культуры
3146;1716;Российская государственная академия интеллектуальной собственности
3147;1859;Таганрогский институт управления и экономики
3148;1952;Московский финансово-юридический университет МФЮА
3149;1990;Университет при Межпарламентской Ассамблее ЕврАзЭС
3151;1690;ИРКУТСКИЙ ГОСУДАРСТВЕННЫЙ АГРАРНЫЙ УНИВЕРСИТЕТ ИМЕНИ А.А.ЕЖЕВСКОГО
3152;1821;Дагестанский теологический институт имени Саида Афанди
3154;5519;Университет экономики и управления
3155;1901;Казанский инновационный университет имени В.Г. Тимирясова (ИЭУП)
3156;2067;Уральский Университет-Уральский институт экономики, управления и права
3157;113232;Всероссийский научно-исследовательский институт авиационных материалов
3158;666666818;Художественно-технический институт
3159;110202;Ессентукский институт управления, бизнеса и права
3160;1866;Московская международная высшая школа бизнеса «МИРБИС» (Институт)
3161;110295;Международная академия бизнеса и управления
3162;1935;Частное образовательное учреждение высшего образования «Северо-Кавказский гуманитарный институт»
3163;2018;Санкт-Петербургский медико-социальный институт
3164;110313;Московский городской университет управления Правительства Москвы
3165;110192;Дальневосточный институт коммуникаций
3166;110161;Белгородский государственный институт искусств и культуры
3167;110431;Чувашский государственный институт культуры и искусств Министерства культуры, по делам национальностей и архивного дела Чувашской Республики
3168;110301;Международный славянский институт
3169;110315;Московский государственный институт музыки имени А.Г. Шнитке
3170;110189;Дагестанский государственный университет народного хозяйства
3171;110169;Воронежский институт экономики и социального управления
3172;110288;Курская академия государственной и муниципальной службы
3173;110282;Краснодарский муниципальный медицинский институт высшего сестринского образования
3176;110160;Башкирская академия государственной службы и управления при Главе Республики Башкортостан
3179;2012;Московский информационно-технологический университет - Московский архитектурно-строительный институт
3181;110145;Академия социального управления
3183;110428;БЮДЖЕТНОЕ  УЧРЕЖДЕНИЕ ВЫСШЕГО ОБРАЗОВАНИЯ ХАНТЫ-МАНСИЙСКОГО АВТОНОМНОГО ОКРУГА – ЮГРЫ «ХАНТЫ-МАНСИЙСКАЯ ГОСУДАРСТВЕННАЯ МЕДИЦИНСКАЯ АКАДЕМИЯ»
3184;5516;Крымский инженерно-педагогический университет имени Февзи Якубова
3193;110135;Институт международных связей
3210;110393;Славяно-Греко-Латинская Академия
3218;1933;Восточно-Европейский институт психоанализа
3220;110291;Ленинградский государственный университет имени А.С. Пушкина
3222;1909;Институт экономики и антикризисного управления
3223;110365;Петербургский институт иудаики
3224;1971;Южный университет (ИУБиП)
3225;1838;Южно-Уральский технологический университет
3226;120150;РЕЛИГИОЗНАЯ ОРГАНИЗАЦИЯ – ДУХОВНАЯ ОБРАЗОВАТЕЛЬНАЯ ОРГАНИЗАЦИЯ ВЫСШЕГО ОБРАЗОВАНИЯ «МОСКОВСКАЯ ДУХОВНАЯ АКАДЕМИЯ РУССКОЙ ПРАВОСЛАВНОЙ ЦЕРКВИ»
3227;120296;Сретенская духовная семинария Русской Православной Церкви
3228;666666851;Оренбургская духовная семинария Оренбургской Епархии Русской Православной Церкви
3240;1834;Московский финансово-промышленный университет «Синергия»
3242;2183;Московский городской педагогический университет
3246;110232;Институт бизнеса и дизайна
3255;110144;Академия социального образования
3256;2035;Сибирский институт бизнеса управления и психологии
3258;110372;Российская академия адвокатуры и нотариата
3259;110266;Институт экономики и культуры
3262;110316;Государственный Социально-Гуманитарный Университет
3263;110317;Московский государственный областной университет
3269;1781;Российский государственный университет правосудия
3272;110281;Коми республиканская академия государственной службы и управления
3274;2065;Санкт-Петербургский Гуманитарный университет профсоюзов
3279;1967;Московская высшая школа социальных и экономических наук
3281;110536;Европейский университет в Санкт-Петербурге
3282;1876;ВОРОНЕЖСКИЙ ИНСТИТУТ ВЫСОКИХ ТЕХНОЛОГИЙ
3292;1824;Международный банковский институт имени Анатолия Собчака
3297;110230;Институт менеджмента, экономики и инноваций
3299;110351;Новосибирский государственный театральный институт
3300;110188;Гуманитарный институт (г. Москва)
3301;110180;Государственный институт экономики, финансов, права и технологий
3302;110347;Нижегородский государственный инженерно-экономический университет
3303;666666854;Национальный медицинский исследовательский центр имени В.А. Алмазова
3304;2002;Автономная некоммерческая образовательная организация высшего образования 
3305;110422;"Автономная некоммерческая образовательная организация высшего образования ""Уральский Финансово-Юридический институт"""
3306;113588;Автономная некоммерческая образовательная организация высшего образования «Крымский институт бизнеса»
3307;113493;Автономная некоммерческая образовательная организация высшего образования «Сколковский институт науки и технологий»
3308;113596;Институт театрального искусства имени Народного артиста СССР И.Д.Кобзона
3309;110267;"Автономная некоммерческая организация высшего образования ""Автомобильно-транспортный институт"""
3310;1832;"Автономная некоммерческая организация высшего образования ""Институт ""Верхневолжье"""
3311;110222;"Автономная некоммерческая организация высшего образования ""Институт информационных технологий экономики и менеджмента"""
3312;110248;Автономная некоммерческая организация высшего образования «Институт социальных наук»
3313;1994;Институт экономики и управления
3314;1970;Автономная некоммерческая организация высшего образования «Международный институт экономики и менеджмента» 
3315;110344;Национальный открытый институт г. Санкт- Петербург
3316;113568;Автономная некоммерческая организация высшего образования «Поволжский православный институт имени Святителя Алексия, митрополита Московского»
3317;1977;Санкт-Петербургская юридическая академия
3318;110214;Автономная некоммерческая организация высшего образования «Институт гуманитарного образования и информационных технологий»
3319;5625;Автономная некоммерческая организация высшего образования «Северо-Западный открытый технический университет»
3320;110156;Байкальский гуманитарный институт
3321;110409;"бюджетное учреждение высшего образования Ханты-Мансийского автономного округа - Югры ""Сургутский государственный педагогический университет"""
3322;2066;Владимирский институт туризма и гостеприимства
3323;110155;Астраханский государственный архитектурно-строительный университет
3324;110345;"Государственное автономное образовательное учреждение высшего образования ""Невинномысский государственный гуманитарно-технический институт"""
3325;110314;Московский государственный институт физической культуры, спорта и туризма имени Ю.А.Сенкевича
3326;110154;Альметьевский государственный нефтяной институт
3327;110173;"Государственное бюджетное образовательное учреждение высшего образования ""Высшая школа музыки Республики Саха (Якутия) (институт) имени В. А. Босикова"""
3328;110354;"государственное бюджетное образовательное учреждение высшего образования ""Оренбургский государственный институт искусств им. Л. и М. Ростроповичей"""
3329;110402;"государственное бюджетное образовательное учреждение высшего образования ""Ставропольский государственный педагогический институт"""
3330;110433;Государственное бюджетное образовательное учреждение высшего образования «Южно-Уральский государственный институт искусств имени П.И. Чайковского»
3331;110391;Государственное бюджетное образовательное учреждение высшего образования «Северо-Осетинский государственный педагогический институт»
3332;110425;Технологический университет
3333;110302;государственное бюджетное образовательное учреждение высшего образования Московской области «Университет «Дубна»
3334;5517;"Государственное бюджетное образовательное учреждение высшего образования Республики Крым ""Крымский университет культуры, искусств и туризма"""
3335;110293;"государственное бюджетное образовательное учреждение высшего образования Челябинской области ""Магнитогорская государственная консерватория (академия) имени М.И. Глинки"""
3336;110164;"государственное образовательное бюджетное учреждение культуры высшего образования ""Волгоградский государственный институт искусств и культуры"""
3337;110454;Государственный гуманитарно-технологический университет
3338;120140; Саратовская православная духовная семинария Саратовской Епархии Русской Православной Церкви
3339;1877;Институт социальных и гуманитарных знаний
3340;110276;Казанский институт предпринимательства и права
3341;2040;Казанский институт финансов, экономики и информатики
3342;2003;Московский институт юриспруденции
3343;110165;Волгоградская консерватория (институт) имени П.А.Серебрякова
3344;110167;"Муниципальное бюджетное образовательное учреждение высшего образования ""Волжский институт экономики, педагогики и права"""
3345;110200;Муниципальное бюджетное образовательное учреждение высшего образования «Екатеринбургская академия современного искусства» (институт)
3346;1854;"Негосударственное (частное) образовательное учреждение высшего образования ""Томский институт бизнеса"""
3347;110190;Негосударственное образовательное учреждение высшего образования «Дагестанский медицинский стоматологический институт»
3348;110352;"Негосударственное образовательное учреждение высшего профессионального образования ""Новосибирский институт экономики, психологии и права"""
3349;2019;Уральский институт коммерции и права
3350;666667376;Негосударственное образовательное частное учреждение высшего образования «Международный институт информатики, управления, экономики и права в г. Москве»
3351;1974;Образовательная организация высшего образования «Миссионерский институт»
3352;110283;"Некоммерческое частное образовательное учреждение высшего образования ""Кубанский институт информзащиты"""
3353;110395;Смоленский государственный институт искусств
3354;120266;Институт образовательных технологий и гуманитарных наук
3355;2079;Образовательное учреждение высшего образования  «Санкт-Петербургский институт внешнеэкономических связей, экономики и права».
3356;1882;АВТОНОМНАЯ НЕКОММЕРЧЕСКАЯ ОРГАНИЗАЦИЯ ВЫСШЕГО ОБРАЗОВАНИЯ «ИНСТИТУТ СТРАН ВОСТОКА»
3357;110327;Образовательное частное учреждение высшего образования «Московский областной институт управления и права»
3358;666667488;Религиозная организация - духовная образовательная организация высшего образования «Кузбасская православная духовная семинария Кемеровской Епархии Русской Православной Церкви (Московский Патриархат)»
3359;120128;Религиозная организация - духовная образовательная организация высшего образования «Санкт-Петербургская Духовная Академия Русской Православной Церкви»
3360;1870;Религиозная организация - духовная образовательная организация высшего образования «Смоленская Православная Духовная Семинария Смоленской Епархии Русской Православной Церкви»
3361;666666790;"Религиозная организация - духовная образовательная организация высшего образования Русской Православной Церкви ""Общецерковная аспирантура и докторантура им. святых равноапостольных Кирилла и Мефодия"""
3362;666667484;"Религиозная организация -духовная образовательная организация высшего образования ""Николо-Угрешская Духовная семинария Русской Православной Церкви"""
3363;5961;Религиозная организация -духовная образовательная организация высшего образования «Пензенская духовная семинария Пензенской Епархии Русской Православной Церкви»
3364;110381;Санкт-Петербургское государственное автономное образовательное учреждение высшего образования
3365;110261;"Учреждение высшего образования ""Институт финансов и права"""
3366;1918;Частное образовательное учреждение высшего образования «Региональный открытый социальный институт»
3367;2017;Международная Полицейская Академия ВПА
3368;110157;"Частное образовательное учреждение высшего образования ""Байкальский экономико-правовой институт"""
3369;1822;Балтийская академия туризма и предпринимательства
3370;2043;Частное образовательное учреждение Высшего образования 
3371;110159;"Частное образовательное учреждение высшего образования ""Балтийский институт экологии, политики и права"""
3372;110204;Западно-Уральский институт экономики и права
3373;2042;Частное образовательное учреждение высшего образования «Институт специальной педагогики и психологии»
3374;1851;"Частное образовательное учреждение высшего образования ""Курский институт менеджмента, экономики и бизнеса"""
3375;1863;"Частное образовательное учреждение высшего образования ""Липецкий эколого-гуманитарный институт"""
3376;2092;"Частное образовательное учреждение высшего образования ""Приамурский институт агроэкономики и бизнеса"""
3377;2070;Ростовский институт защиты предпринимателя
3378;1907;"Частное образовательное учреждение высшего образования ""Русская христианская гуманитарная академия"""
3379;1927;"Частное образовательное учреждение высшего образования ""Северо-Кавказский институт бизнеса, инженерных и информационных технологий"""
3380;1826;"Частное образовательное учреждение высшего образования ""Социально-педагогический институт"""
3381;110419;"Частное образовательное учреждение высшего образования ""Уральский институт бизнеса и управления"""
3382;1886;"частное образовательное учреждение высшего образования ""Уральский институт бизнеса"""
3383;111209;Частное образовательное учреждение высшего образования «Царицынский православный университет Преподобного Сергия Радонежского» 
3384;110174;"Частное учреждение высшего образования ""Высшая школа предпринимательства (институт)"""
3385;666667461;Университет «Реавиз»
3386;111141;Частное учреждение высшего образования «Российский исламский институт»
3387;110436;Якутский гуманитарный институт
3391;100344;Институт законодательства и сравнительного правоведения при Правительстве Российской Федерации
3461;1832;ИНСТИТУТ «ВЕРХНЕВОЛЖЬЕ»
3468;666668994;Мусульманская религиозная организация духовная образовательная организация высшего образования «Болгарская исламская академия»
3474;2002;Невский институт языка и культуры
3482;666668993;духовная образовательная организация высшего образования евангельских христиан-баптистов «Санкт-Петербургский Христианский Университет»
3656;110308;Московская академия предпринимательства
3778;0;Национальный медицинский исследовательский центр сердечно-сосудистой хирургии имени А.Н. Бакулева
3790;0;Троицкое
3791;0;Омский экспериментальный завод
3792;0;Григорьевское
3793;0;Рязанский опытный завод
